geoid,gentrified
34003007002,0
34003009100,0
34003006300,0
34003015200,0
34003015500,0
34003051100,0
34003042100,0
34003046200,0
34003048200,0
34003057102,0
34003058100,0
34003017100,0
34003017200,0
34003018200,0
34003030400,0
34003038300,0
34003042302,0
34003042500,0
34003043001,0
34003044100,0
34003047100,0
34003054100,0
34003010200,0
34003010300,0
34003027000,0
34003015300,0
34003017400,0
34003026100,0
34003029200,0
34003030200,0
34003057101,0
34003041100,0
34003048100,0
34003055200,0
34003041200,0
34003049002,0
34003054400,0
34003039300,0
34003051400,0
34003003100,0
34003039200,0
34003056100,0
34003057200,0
34003058200,0
34003061300,0
34003002200,0
34003003200,0
34003024100,0
34003020100,0
34003032102,0
34003021200,0
34003029100,0
34003030300,0
34003033200,0
34003035200,0
34003045200,0
34003059200,0
34003061100,0
34003046100,0
34003043002,0
34003006100,0
34003011100,0
34003014000,0
34003018100,0
34003021300,0
34003022100,0
34003023100,0
34003025100,0
34003028002,0
34003031100,0
34003033100,0
34003036200,0
34003037201,0
34003042301,0
34003042400,0
34003052200,0
34003004001,0
34003004002,0
34003006201,0
34003006202,0
34003012001,0
34003012002,0
34003013001,0
34003013002,0
34003019103,0
34003019104,0
34003019203,0
34003019204,0
34003019303,0
34003019304,0
34003019305,0
34003019306,0
34003023301,0
34003023302,0
34003023501,0
34003023502,0
34003023601,0
34003023602,0
34003032103,0
34003032104,0
34003032201,0
34003032202,0
34003040001,0
34003040002,0
34003041301,0
34003041302,0
34003044201,0
34003044202,0
34003053100,0
34003054200,0
34003055100,0
34003061200,0
34003056200,0
34003046300,0
34003052100,0
34003054300,0
34003059100,0
34003060000,0
34003003401,0
34003015400,0
34003017500,0
34003019102,0
34003031300,0
34003021400,0
34003023401,0
34003026200,0
34003037100,0
34003038100,0
34003039100,0
34003047200,0
34003054500,0
34003061400,0
34003047400,0
34003037202,0
34003045100,0
34003047500,0
34003049001,0
34003050000,0
34003051200,0
34003003500,0
34003011300,0
34003016000,0
34003017300,0
34003019202,0
34003021100,0
34003001000,0
34003002100,0
34003003402,0
34003007001,0
34003009200,0
34003021600,0
34003024200,0
34003025200,0
34003033300,0
34003036100,0
34003051300,0
34003053200,0
34003030100,0
34003031200,0
34003031400,0
34003035100,0
34003038200,0
34003008000,0
34003010100,0
34003011400,0
34003054600,0
34003002300,0
34003003300,0
34003023402,0
34003028001,0
34003021500,0
34003022200,0
34003005000,0
34003020200,0
34003011200,0
34003015100,0
34003023200,0
34003034000,0
34003047300,0
34013019900,0
34013020700,0
34013012200,0
34013012400,0
34013013000,0
34013013100,0
34013013700,0
34013015100,0
34013015400,0
34013016200,0
34013011200,0
34013017100,0
34013017600,0
34013018600,0
34013011600,0
34013004600,0
34013004802,0
34013006400,0
34013006800,0
34013000400,0
34013002201,0
34013004900,0
34013007501,0
34013009500,0
34013012000,0
34013012800,0
34013013200,0
34013013300,0
34013015800,0
34013017200,0
34013017400,0
34013017700,0
34013020902,0
34013020300,0
34013020400,0
34013000300,0
34013001700,0
34013002202,0
34013011400,0
34013018700,0
34013017800,0
34013018300,0
34013018400,0
34013018900,0
34013009100,0
34013002600,0
34013003500,0
34013004200,0
34013005700,0
34013006700,0
34013007300,0
34013008000,0
34013008700,1
34013010500,0
34013003900,0
34013000700,0
34013002000,0
34013000900,0
34013020200,0
34013002800,0
34013003800,0
34013000100,0
34013019200,0
34013020000,0
34013020100,0
34013020800,0
34013021802,0
34013003700,0
34013006200,1
34013007000,0
34013001800,0
34013000200,0
34013000500,0
34013000800,0
34013002100,0
34013004100,0
34013004300,0
34013004801,0
34013008100,0
34013005100,0
34013005300,0
34013007900,0
34013008200,0
34013001300,0
34013001500,0
34013020500,0
34013021100,0
34013008800,0
34013009000,0
34013010000,0
34013010400,0
34013010800,0
34013010900,0
34013007100,0
34013007400,0
34013007600,1
34013007700,0
34013009200,0
34013002300,0
34013006600,0
34013005200,0
34013018100,0
34013001100,0
34013001400,0
34013020600,0
34013010100,0
34013012700,0
34013014200,0
34013019400,0
34013021801,0
34013006900,0
34013015200,0
34013000600,0
34013001000,0
34013001600,0
34013001900,0
34013002500,0
34013004400,0
34013004500,0
34013005400,0
34013007200,0
34013009300,0
34013009400,0
34013009700,0
34013010700,0
34013011500,0
34013012100,0
34013017301,0
34013014500,0
34013004700,0
34013009600,0
34013015600,0
34013018800,0
34013012300,0
34013016400,0
34013016500,0
34013016900,0
34013019300,0
34013019600,0
34013019700,0
34013021000,0
34013021300,0
34013021400,0
34013022700,0
34013022800,0
34013011700,0
34013011900,0
34013013500,0
34013013600,0
34013014000,0
34013014100,0
34013014900,0
34013015700,0
34013016600,0
34013017302,0
34013019500,0
34013019800,0
34013020901,0
34013021601,0
34013021200,0
34013021803,0
34013012500,0
34013016800,0
34013018000,0
34013011100,0
34013012900,0
34013014600,0
34013016300,0
34013016700,0
34013010600,0
34013009900,0
34013010200,0
34013010300,0
34013011300,0
34013012600,0
34013013400,0
34013013800,0
34013021602,0
34013002400,0
34013003100,0
34013005000,0
34013011800,0
34013007502,0
34013007800,0
34013008900,0
34013014400,0
34013015500,0
34013015900,0
34013016100,0
34013014800,0
34013013900,0
34013014300,0
34013014700,0
34013015000,0
34013015300,0
34013016000,0
34013017000,0
34013019000,0
34013017500,0
34013017900,0
34013018200,0
34013019100,0
34013021701,0
34013021702,0
34013022900,0
34013023000,0
34013023100,0
34013023200,0
34013980100,0
34013980200,0
34017017300,0
34017017600,0
34017001202,1
34017002300,0
34017002400,0
34017003500,0
34017004102,0
34017005500,0
34017005801,0
34017005802,0
34017006100,0
34017010100,0
34017010300,0
34017012900,0
34017013200,0
34017014800,0
34017001400,0
34017002200,0
34017000200,0
34017000600,0
34017001300,0
34017002800,0
34017004200,0
34017004700,1
34017000100,0
34017000500,0
34017002900,0
34017004000,0
34017006000,0
34017010600,0
34017005200,0
34017017700,0
34017019300,0
34017018200,0
34017018400,0
34017032400,0
34017000300,0
34017000800,0
34017001000,1
34017001800,0
34017002000,0
34017003000,0
34017017800,0
34017019100,0
34017012500,0
34017005900,0
34017011300,0
34017013500,0
34017014000,0
34017014600,0
34017000902,0
34017004600,1
34017004800,0
34017004900,0
34017011000,0
34017012800,0
34017013600,0
34017013700,0
34017014300,0
34017016900,0
34017005300,0
34017005600,0
34017004101,0
34017004500,0
34017010400,0
34017010700,0
34017010900,0
34017011200,0
34017011600,0
34017012600,0
34017013000,0
34017015100,0
34017015700,0
34017016800,0
34017017100,0
34017017500,0
34017018000,0
34017019400,0
34017010200,0
34017016500,0
34017002700,0
34017001201,0
34017014102,0
34017014501,0
34017014502,0
34017015001,0
34017015002,0
34017015201,0
34017015202,0
34017015801,0
34017015802,0
34017018301,0
34017019800,0
34017018302,0
34017018701,0
34017018702,0
34017019900,0
34017020000,0
34017020100,0
34017980100,0
34017006300,0
34017010500,0
34017013900,0
34017011100,0
34017011500,0
34017013100,0
34017016100,0
34017016700,0
34017017000,0
34017018500,0
34017014200,0
34017014700,0
34017015600,1
34017000700,0
34017001900,1
34017003100,0
34017004300,0
34017004400,0
34017005400,0
34017011400,0
34017012400,0
34017012700,0
34017013300,0
34017010800,0
34017012300,0
34017013400,0
34017013800,0
34017014400,0
34017015500,0
34017015900,0
34017016300,0
34017016600,0
34017017200,0
34017018800,0
34017019000,0
34017000400,0
34017001100,0
34017016200,0
34017016400,0
34017017900,0
34017018100,0
34017019200,0
34017016000,0
34017014900,0
34017015300,0
34017017400,0
34017018600,0
34017018900,0
34017006200,0
34017001701,0
34017006400,0
34017006500,0
34017006600,0
34017007000,0
34017006700,0
34017006800,0
34017006900,0
34017007100,0
34017007200,0
34017007300,0
34017007400,0
34017007500,0
34017007600,0
34017007700,0
34017007800,0
34017014101,0
34019011001,0
34019010600,0
34019010802,0
34019010900,0
34019010400,0
34019011800,0
34019011002,0
34019011202,0
34019011302,0
34019011304,0
34019010200,0
34019011700,0
34019010100,0
34019010702,0
34019010801,0
34019011900,0
34019010701,0
34019011400,0
34019011500,0
34019010300,0
34019010500,0
34019011100,0
34019011201,0
34019011303,0
34019011600,0
34019011301,0
34023006104,0
34023007702,0
34023006403,0
34023007303,0
34023007304,0
34023007907,0
34023008208,0
34023008404,0
34023006900,0
34023007908,0
34023006205,0
34023007203,0
34023008001,0
34023003401,0
34023001409,0
34023001502,0
34023002902,0
34023006204,0
34023007103,0
34023008102,0
34023001411,0
34023004500,0
34023006703,0
34023001412,0
34023003203,0
34023006103,0
34023000200,0
34023000701,0
34023001002,0
34023001414,0
34023001504,0
34023002102,0
34023002302,0
34023002703,0
34023003600,0
34023003800,0
34023008206,0
34023001702,0
34023000501,0
34023000502,0
34023000702,0
34023001001,0
34023001415,0
34023002603,0
34023000300,0
34023000403,0
34023000603,0
34023000606,0
34023000902,0
34023000100,0
34023000401,0
34023001901,0
34023003102,0
34023003201,0
34023003002,0
34023003101,0
34023000901,0
34023001100,0
34023001413,0
34023001600,0
34023001804,0
34023002200,0
34023002701,0
34023002805,0
34023004000,0
34023004400,0
34023005200,0
34023005800,0
34023006607,0
34023006608,0
34023007801,0
34023007806,0
34023008207,0
34023002402,0
34023004100,0
34023006203,0
34023001416,0
34023001417,0
34023001701,0
34023001902,0
34023002500,0
34023002604,0
34023002901,0
34023003001,0
34023000608,0
34023004900,0
34023005700,0
34023006605,0
34023007102,0
34023007202,0
34023007500,0
34023008205,0
34023008501,0
34023008502,0
34023007910,0
34023008503,0
34023008700,0
34023007703,0
34023008101,0
34023006604,0
34023002000,0
34023001200,0
34023001410,0
34023001805,0
34023002301,0
34023002401,0
34023002605,0
34023003500,0
34023003700,0
34023000801,0
34023000802,0
34023001300,0
34023001803,0
34023001903,0
34023002101,0
34023004200,0
34023004800,0
34023005000,0
34023006601,0
34023003300,0
34023004600,0
34023006800,0
34023007000,0
34023007301,0
34023007402,0
34023008300,0
34023008601,0
34023006606,0
34023007101,0
34023007704,0
34023007804,0
34023007906,0
34023007909,0
34023008405,0
34023006206,0
34023006300,0
34023006701,0
34023007805,0
34023008202,0
34023008209,0
34023008504,0
34023000404,0
34023007600,0
34023007905,0
34023008103,0
34023008204,0
34023008403,0
34023008406,0
34023008602,0
34023008604,0
34023006207,0
34023006500,0
34023004300,0
34023005300,0
34023005500,0
34023004700,0
34023005100,0
34023006101,0
34023001505,0
34023001506,0
34023005601,0
34023005602,0
34023006001,0
34023006002,0
34023007911,0
34023007912,0
34023008605,0
34023008606,0
34023008800,0
34023008900,0
34023009000,0
34023009100,0
34023009200,0
34023009300,0
34023009400,0
34025810200,0
34025808600,0
34025809704,0
34025810402,0
34025811000,0
34025811401,0
34025811900,0
34025802600,0
34025802700,0
34025803600,0
34025805001,0
34025803900,0
34025804100,0
34025804800,0
34025805100,0
34025805500,0
34025802100,0
34025802300,0
34025802400,0
34025804500,0
34025806501,0
34025807400,0
34025808900,0
34025809100,0
34025804600,0
34025808002,0
34025808300,0
34025809701,0
34025809902,0
34025810002,0
34025810300,0
34025810800,0
34025811200,0
34025811600,0
34025802800,0
34025803000,0
34025803100,0
34025804200,0
34025806300,0
34025807700,0
34025810900,0
34025811301,0
34025811402,0
34025802200,0
34025800701,0
34025803500,0
34025801700,0
34025803300,0
34025806400,0
34025806503,0
34025807300,0
34025807900,0
34025809000,0
34025809501,0
34025810001,0
34025810600,0
34025811303,0
34025800900,0
34025800400,0
34025801100,0
34025802500,0
34025800200,0
34025801000,0
34025801900,0
34025803400,0
34025803700,0
34025805700,0
34025807600,0
34025809200,0
34025809903,0
34025810004,0
34025806502,0
34025805600,1
34025806000,0
34025806100,0
34025806600,0
34025807500,0
34025807800,0
34025810503,0
34025808401,0
34025809502,0
34025809703,0
34025810700,0
34025800500,0
34025800800,0
34025801500,0
34025801600,0
34025802900,0
34025808200,0
34025808402,0
34025808800,0
34025801400,0
34025801800,0
34025805300,0
34025805400,0
34025805800,0
34025806504,0
34025807200,0
34025800702,0
34025800100,0
34025800602,0
34025802000,0
34025807003,1
34025807100,0
34025810401,0
34025811304,0
34025804700,0
34025808100,0
34025810003,0
34025810502,0
34025800601,0
34025805900,0
34025808001,0
34025812000,0
34025801200,0
34025809400,0
34025807004,0
34025801300,0
34025803800,0
34025809901,0
34025810501,0
34025808500,0
34025809600,0
34025803201,0
34025803202,0
34025806201,0
34025806202,0
34025808701,0
34025808702,0
34025809301,0
34025809302,0
34025810101,0
34025810102,0
34025811101,0
34025811102,0
34025812200,0
34025811501,0
34025811502,0
34025812100,0
34025812300,0
34025812400,0
34025812501,0
34025812502,0
34025990000,0
34027040702,0
34027041601,0
34027041604,0
34027042700,0
34027044601,0
34027043402,0
34027043700,0
34027044501,0
34027040803,0
34027041603,0
34027041701,0
34027041702,0
34027041704,0
34027041802,0
34027041901,0
34027041902,0
34027042000,0
34027042500,0
34027043800,0
34027044200,0
34027045200,0
34027045501,0
34027046201,0
34027040804,0
34027041400,0
34027042900,0
34027043600,0
34027044701,0
34027045901,0
34027046103,0
34027046105,0
34027046202,0
34027041100,0
34027041200,0
34027041300,0
34027041500,0
34027043500,0
34027043900,0
34027044000,0
34027044101,0
34027045603,0
34027046106,0
34027044702,0
34027044800,0
34027040500,0
34027040801,0
34027041602,0
34027042100,0
34027043303,0
34027043000,0
34027043200,0
34027043301,0
34027044502,0
34027043100,0
34027044300,0
34027045000,0
34027045100,0
34027045602,0
34027040101,0
34027040102,0
34027040400,0
34027040900,0
34027041000,0
34027042200,0
34027043401,0
34027044403,0
34027044404,0
34027044602,0
34027045502,0
34027045902,0
34027046000,0
34027046104,0
34027046298,0
34027045401,0
34027046297,0
34027044900,0
34027045402,0
34027045701,0
34027040300,0
34027040701,0
34027041801,0
34027041803,0
34027042301,0
34027042800,0
34027040200,0
34027044102,0
34027042302,0
34027045300,0
34027040600,0
34027042600,0
34027040805,0
34027043302,0
34027044401,0
34027041705,0
34027041706,0
34027045703,0
34027045704,0
34027045804,0
34027046300,0
34027046400,0
34029713401,0
34029713800,0
34029714300,0
34029715200,1
34029715301,0
34029717102,0
34029722500,0
34029722800,0
34029723000,0
34029723100,0
34029723200,0
34029731101,0
34029713900,0
34029715800,0
34029717400,0
34029720102,0
34029721000,0
34029722100,0
34029717101,0
34029722300,0
34029731204,0
34029731206,0
34029736102,0
34029731103,0
34029725002,0
34029726000,0
34029722402,0
34029722900,0
34029723500,0
34029723600,0
34029728000,0
34029732001,0
34029734003,0
34029738001,0
34029738002,0
34029713402,0
34029711100,0
34029713000,0
34029713201,0
34029713700,0
34029714000,0
34029715700,0
34029717002,0
34029717502,0
34029715000,0
34029715401,0
34029711300,0
34029715402,0
34029722702,0
34029734001,0
34029713600,0
34029731201,0
34029713100,0
34029713202,0
34029713500,0
34029714100,0
34029714400,0
34029723300,0
34029723400,0
34029725001,0
34029727002,0
34029731102,0
34029731203,0
34029732101,0
34029733000,0
34029734002,0
34029712000,0
34029731002,0
34029717501,0
34029731202,0
34029739000,0
34029716000,0
34029720101,0
34029720103,0
34029720202,0
34029727001,0
34029730000,0
34029731001,0
34029732002,0
34029736002,0
34029711400,0
34029713203,0
34029713300,0
34029714200,0
34029715500,0
34029715600,0
34029717200,0
34029722701,0
34029725100,0
34029729000,0
34029736001,0
34029720204,0
34029722401,0
34029718000,0
34029715302,0
34029717001,0
34029717300,0
34029720203,0
34029722200,0
34029722600,0
34029724000,0
34029731205,0
34029736101,0
34029738100,0
34029737000,0
34029710100,0
34029711200,0
34029715901,0
34029715902,0
34029720001,0
34029720205,0
34029720206,0
34029722001,0
34029722002,0
34029732103,0
34029732104,0
34029735001,0
34029735002,0
34029735101,0
34029735103,0
34029735104,0
34029736105,0
34029739100,0
34029980000,0
34029980100,0
34029990000,0
34031223900,0
34031124500,0
34031143400,0
34031182600,0
34031182800,0
34031246103,0
34031246201,0
34031246202,0
34031124900,0
34031125100,0
34031181200,0
34031181400,1
34031183200,0
34031246002,0
34031124312,0
34031124402,0
34031181702,0
34031182200,0
34031182400,0
34031182500,0
34031182900,0
34031133701,0
34031133702,0
34031154001,0
34031154002,0
34031175301,0
34031175302,0
34031175401,0
34031175402,0
34031175601,0
34031175602,0
34031175701,0
34031175703,0
34031175704,0
34031175801,0
34031175802,0
34031182302,0
34031180201,0
34031180202,0
34031182301,0
34031183101,0
34031183102,0
34031196401,0
34031196402,0
34031216701,0
34031216702,0
34031223801,0
34031223802,0
34031236601,0
34031236602,0
34031264101,0
34031264102,0
34031264200,0
34031246003,0
34031256804,0
34031180700,0
34031180800,0
34031256803,0
34031181000,0
34031181300,0
34031183000,0
34031256805,0
34031116500,0
34031124311,0
34031124601,0
34031124602,0
34031143300,0
34031175900,0
34031180100,0
34031180600,0
34031181500,0
34031203600,0
34031246203,0
34031256802,0
34031124200,0
34031124322,0
34031124323,0
34031175500,0
34031124321,0
34031125000,0
34031124401,0
34031124700,0
34031124800,0
34031143200,0
34031175200,0
34031163500,0
34031180300,0
34031181100,0
34031181800,0
34031181900,0
34031182000,0
34031182100,0
34031246001,0
34031246101,0
34031246102,0
34031246104,0
34031256801,0
34031182700,0
34031180900,0
34031246300,0
34035052601,0
34035052901,0
34035053200,0
34035053602,0
34035053705,0
34035050801,0
34035050100,0
34035051100,0
34035051800,0
34035052001,0
34035052603,0
34035050802,0
34035051300,0
34035051500,0
34035052100,0
34035052800,0
34035053703,0
34035053704,0
34035053901,0
34035053000,0
34035050500,0
34035051000,0
34035052400,0
34035053805,0
34035053103,0
34035053801,0
34035051600,0
34035053804,0
34035050902,0
34035053300,0
34035050300,0
34035050903,0
34035051400,0
34035052300,0
34035052700,0
34035053803,0
34035051200,0
34035052201,0
34035053105,0
34035053402,0
34035053501,0
34035050400,0
34035050600,0
34035051900,0
34035052002,0
34035053102,0
34035050200,0
34035050901,0
34035051700,0
34035052204,0
34035052903,0
34035052904,0
34035053403,0
34035053404,0
34035053603,0
34035053604,0
34035050701,0
34035050703,0
34035050704,0
34035052203,0
34035053706,0
34035053707,0
34035053904,0
34035053905,0
34035054100,0
34035054201,0
34035054202,0
34035054300,0
34037374900,0
34037372700,0
34037373000,0
34037373600,0
34037374000,0
34037371200,0
34037371300,0
34037371400,0
34037373400,0
34037373500,0
34037373700,0
34037371000,0
34037371100,0
34037372400,0
34037371800,0
34037372000,0
34037371600,0
34037372300,0
34037372600,0
34037374400,0
34037371700,0
34037372200,0
34037372900,0
34037373800,0
34037374500,0
34037374600,0
34037371900,0
34037374100,0
34037374300,0
34037372100,0
34037373300,0
34037373900,0
34037374200,0
34037373100,0
34037372800,0
34037373200,0
34037372500,0
34037374800,0
34037374700,0
34037371502,0
34037371503,0
34039032700,0
34039033900,0
34039034400,0
34039035400,0
34039036900,0
34039038102,0
34039038700,0
34039039200,0
34039033200,0
34039035700,0
34039035800,0
34039036700,0
34039030500,0
34039030600,0
34039031200,0
34039032100,0
34039032600,0
34039036800,0
34039037300,0
34039038101,0
34039032800,0
34039033600,0
34039034300,0
34039038000,0
34039038602,0
34039039500,0
34039032400,0
34039030200,0
34039030900,0
34039031700,0
34039032500,0
34039033100,0
34039034600,0
34039036200,0
34039037000,0
34039037700,0
34039030400,0
34039032200,0
34039032902,0
34039033700,0
34039035200,0
34039036100,0
34039036301,0
34039037100,0
34039037500,0
34039037900,0
34039038202,0
34039038400,0
34039031500,0
34039033000,0
34039033400,0
34039034000,0
34039034200,0
34039034900,0
34039036400,0
34039036500,0
34039036600,0
34039038500,0
34039038601,0
34039039300,0
34039033300,0
34039038201,0
34039034700,0
34039035600,0
34039036000,0
34039038900,0
34039039000,0
34039039400,0
34039039700,0
34039031000,0
34039032001,0
34039032300,0
34039032901,0
34039033500,0
34039033800,0
34039035000,0
34039035300,0
34039035500,0
34039035900,0
34039037200,0
34039037601,0
34039037602,0
34039037800,0
34039038800,0
34039039100,0
34039031100,0
34039032002,0
34039038300,0
34039039600,0
34039035100,0
34039031400,0
34039034800,0
34039037400,0
34039036302,0
34039030802,0
34039034500,0
34039034100,0
34039031300,0
34039030701,0
34039030702,0
34039031601,0
34039031602,0
34039031801,0
34039031802,0
34039031903,0
34039031904,0
34039039800,0
34039039900,0
36005042902,0
36005033000,0
36005035800,0
36005037100,0
36005038500,0
36005042100,0
36005045101,0
36005011800,0
36005020400,0
36005024800,0
36005040800,0
36005048400,0
36005024700,0
36005026602,0
36005036400,0
36005044902,0
36005022300,0
36005025400,0
36005029600,0
36005037600,0
36005002701,0
36005006500,0
36005015700,1
36005000100,0
36005006700,0
36005040702,0
36005038000,0
36005002500,1
36005006100,0
36005022701,0
36005007900,0
36005016700,0
36005022401,0
36005002800,0
36005015800,0
36005021800,0
36005033800,0
36005036502,1
36005007200,0
36005012101,0
36005012102,0
36005012300,1
36005013300,0
36005014300,1
36005014400,0
36005021301,0
36005014500,0
36005016600,0
36005019400,0
36005022901,0
36005013200,0
36005020100,0
36005008900,0
36005009800,0
36005012500,0
36005014900,0
36005019700,0
36005022000,0
36005022702,0
36005023100,0
36005023501,0
36005001600,0
36005002400,0
36005003100,0
36005003800,0
36005004100,0
36005011900,0
36005011502,1
36005014100,0
36005015100,1
36005015300,1
36005015500,0
36005023600,0
36005024300,0
36005004400,0
36005004800,0
36005005902,0
36005008300,1
36005008400,0
36005016300,0
36005016900,1
36005017300,1
36005024600,0
36005024900,0
36005025000,0
36005025200,0
36005025700,0
36005027700,0
36005028500,0
36005028600,0
36005019900,0
36005028900,0
36005031200,0
36005018900,0
36005020200,0
36005020601,0
36005021100,0
36005021200,0
36005021601,1
36005025600,0
36005022703,0
36005023702,0
36005024000,0
36005026300,0
36005026500,0
36005028100,0
36005028300,0
36005031400,0
36005032800,0
36005037400,1
36005038200,0
36005038600,0
36005000400,0
36005000200,0
36005003500,0
36005004001,0
36005004300,0
36005005200,1
36005039000,0
36005039300,0
36005040302,0
36005040400,0
36005040701,0
36005041500,0
36005043600,0
36005038900,0
36005044800,0
36005051600,0
36005039200,0
36005039100,0
36005039400,0
36005039800,0
36005041400,0
36005041800,0
36005042200,0
36005043000,0
36005043100,0
36005044901,0
36005046201,0
36005046202,0
36005022500,0
36005022800,0
36005023200,0
36005004600,0
36005006000,0
36005007000,0
36005007300,0
36005007400,0
36005007500,1
36005007700,0
36005009200,0
36005012701,0
36005013500,0
36005013800,0
36005016100,0
36005017100,0
36005019500,0
36005022902,0
36005023302,0
36005024400,0
36005026900,0
36005027300,1
36005029500,0
36005029700,0
36005031000,0
36005031600,0
36005031800,0
36005032300,0
36005032400,0
36005033400,0
36005036300,0
36005037900,0
36005036902,0
36005037300,1
36005037800,0
36005038700,0
36005039600,0
36005040100,0
36005040600,0
36005042300,0
36005042500,0
36005042901,1
36005044200,0
36005050400,0
36005045102,0
36005034500,0
36005035600,0
36005035900,0
36005036800,0
36005006400,0
36005007800,0
36005008500,0
36005013100,0
36005016400,0
36005018400,0
36005019300,0
36005021302,0
36005021602,0
36005021900,0
36005037200,0
36005039902,0
36005042600,0
36005045800,0
36005046000,0
36005023900,0
36005024100,0
36005026601,0
36005028400,0
36005028700,0
36005028800,0
36005035100,0
36005036700,0
36005039901,0
36005038100,0
36005038800,0
36005039700,0
36005040900,0
36005042000,0
36005042400,0
36005043500,0
36005042800,0
36005041100,0
36005041300,0
36005041900,0
36005023301,0
36005023502,0
36005033500,0
36005033700,0
36005034800,0
36005036000,0
36005037504,0
36005038301,0
36005038302,0
36005039500,0
36005040303,0
36005040304,0
36005040501,0
36005045600,0
36005040502,0
36005043400,0
36005044400,0
36005030100,0
36005027600,0
36005030200,0
36005034200,0
36005037000,0
36005002702,0
36005003300,0
36005001900,0
36005004200,0
36005005001,0
36005005002,0
36005005100,0
36005005300,0
36005006300,0
36005007600,0
36005009000,0
36005009300,0
36005009600,0
36005011700,0
36005014701,0
36005014702,0
36005015200,0
36005015900,0
36005017902,0
36005017701,0
36005017702,0
36005017901,0
36005018101,0
36005018102,0
36005018301,0
36005018302,0
36005018500,0
36005020000,0
36005020501,0
36005025100,0
36005025500,0
36005026400,0
36005033600,1
36005034300,0
36005002000,0
36005003700,0
36005006900,0
36005016000,0
36005021501,0
36005016200,0
36005016500,0
36005017500,0
36005021502,1
36005023000,0
36005025300,0
36005026100,0
36005027900,0
36005030000,0
36005031900,0
36005034000,0
36005034400,0
36005035000,0
36005036100,0
36005036501,0
36005002300,0
36005003900,0
36005005400,0
36005006200,0
36005006800,0
36005007100,0
36005008600,0
36005008700,0
36005011000,0
36005012901,1
36005013000,0
36005036901,0
36005005600,0
36005020502,0
36005020900,0
36005021001,0
36005021002,0
36005021700,0
36005022101,0
36005022102,0
36005022200,0
36005022403,0
36005022404,0
36005023703,0
36005023704,0
36005023800,0
36005024501,0
36005024502,0
36005026701,0
36005026702,0
36005027401,0
36005027402,0
36005029301,0
36005029302,0
36005033201,0
36005030701,0
36005030900,0
36005032600,0
36005033202,0
36027190102,0
36027190203,0
36027190204,0
36027190301,0
36027190401,0
36027190402,0
36027200001,0
36027200002,0
36027210101,0
36027210201,0
36027210301,0
36027220201,0
36027220801,0
36027220901,0
36027221001,0
36027221100,0
36027640001,0
36027640002,0
36027010000,0
36027100000,0
36027220300,0
36027300000,0
36027040001,0
36027060100,0
36027140300,0
36027170000,0
36027220100,0
36027220700,0
36027030000,0
36027050102,0
36027070102,0
36027140400,0
36027070101,0
36027090000,0
36027120000,0
36027140200,0
36027410000,0
36027140500,0
36027610000,0
36027140700,0
36027020003,0
36027020004,0
36027020005,0
36027040003,0
36027050103,0
36027050104,0
36027050203,0
36027050204,0
36027050205,0
36027060201,0
36027060202,0
36027060301,0
36027060302,0
36027060400,0
36027070201,0
36027070301,0
36027070401,0
36027140101,0
36027140602,0
36027140801,0
36027150003,0
36027150004,0
36027150005,0
36027150006,0
36027160003,0
36027160004,0
36027160005,0
36027180001,0
36027190101,0
36027080103,0
36027080104,0
36027080201,0
36027080202,0
36027110003,0
36027110004,0
36027110005,0
36027130003,0
36027130004,0
36027130005,0
36047029500,0
36047030700,0
36047030900,1
36047031702,0
36047032700,0
36047033600,0
36047034000,0
36047034300,0
36047038800,0
36047039500,0
36047039900,0
36047040200,0
36047040900,0
36047041600,0
36047040000,0
36047042300,0
36047042400,0
36047044200,0
36047045200,0
36047046202,0
36047047800,0
36047048000,0
36047048100,0
36047050600,0
36047051700,0
36047051800,0
36047052000,0
36047053200,0
36047054600,0
36047014200,0
36047043700,0
36047043900,0
36047044100,1
36047044400,0
36047045400,0
36047046201,0
36047046400,0
36047050000,0
36047077200,0
36047075600,0
36047072200,0
36047073400,0
36047074400,0
36047078600,0
36047082400,0
36047083800,0
36047065000,0
36047058800,0
36047059300,0
36047064000,0
36047068800,0
36047075200,0
36047076400,0
36047077400,0
36047078200,0
36047079000,0
36047079200,0
36047079400,1
36047083600,0
36047085800,0
36047086200,0
36047088000,1
36047093800,0
36047089800,0
36047091800,0
36047092000,0
36047098200,0
36047094401,0
36047096600,0
36047100800,0
36047116400,0
36047116800,0
36047118202,0
36047119000,0
36047119600,0
36047120200,0
36047039700,0
36047039800,0
36047040500,0
36047040700,0
36047041000,0
36047042600,0
36047016900,0
36047036400,0
36047037300,0
36047008000,0
36047008800,0
36047009200,0
36047009800,0
36047010100,0
36047012801,0
36047013100,0
36047013500,0
36047014000,0
36047014100,0
36047017700,0
36047018100,0
36047018600,0
36047019300,0
36047035400,0
36047087401,0
36047088400,0
36047089600,0
36047090800,0
36047093400,0
36047095400,0
36047096800,0
36047097000,0
36047099400,0
36047100400,0
36047020100,0
36047118000,0
36047121000,0
36047019700,0
36047021500,0
36047027200,0
36047035500,0
36047036502,0
36047039300,0
36047117400,0
36047117602,0
36047122000,0
36047031300,0
36047101400,0
36047111800,0
36047115800,0
36047040300,0
36047042800,0
36047047000,0
36047019800,0
36047029700,0
36047033500,0
36047039100,0
36047086800,1
36047091600,0
36047101200,0
36047007200,0
36047010000,0
36047013800,0
36047028300,0
36047036900,0
36047100600,0
36047116000,1
36047119200,0
36047019600,0
36047023400,0
36047026500,0
36047040600,0
36047047600,0
36047054200,0
36047021900,0
36047040100,0
36047025300,0
36047116200,0
36047116600,0
36047033100,0
36047035700,0
36047117000,0
36047117201,0
36047090000,1
36047099600,0
36047000501,0
36047000502,0
36047001500,0
36047004400,0
36047005300,0
36047016600,0
36047011900,0
36047012600,0
36047015200,0
36047021100,0
36047027100,0
36047030500,0
36047034800,0
36047035601,0
36047035602,0
36047037401,0
36047037402,0
36047015900,0
36047016700,0
36047003100,0
36047004300,0
36047005100,0
36047006900,0
36047044800,0
36047045000,0
36047045800,0
36047044000,0
36047042100,0
36047042500,0
36047043200,0
36047044700,1
36047045600,0
36047092200,0
36047094402,0
36047096400,0
36047101600,0
36047101800,0
36047102000,0
36047107800,0
36047110600,0
36047038200,0
36047038900,0
36047043400,0
36047043500,0
36047031100,0
36047031400,0
36047034100,0
36047118201,0
36047035300,0
36047064600,0
36047065400,0
36047095600,0
36047096000,0
36047098600,0
36047102600,0
36047103400,0
36047107000,0
36047114201,0
36047004100,0
36047005201,0
36047005601,0
36047005602,0
36047005800,0
36047005900,0
36047006400,0
36047009400,0
36047010400,0
36047013000,0
36047013200,0
36047020600,0
36047021000,0
36047022200,0
36047022700,0
36047023000,0
36047024800,0
36047025200,0
36047025700,0
36047026200,0
36047026700,0
36047051100,0
36047051500,0
36047052700,0
36047052900,0
36047054700,1
36047055600,0
36047056400,0
36047057000,0
36047057900,1
36047058400,0
36047058600,0
36047000200,0
36047000700,0
36047064200,0
36047068000,0
36047072400,0
36047072800,0
36047075000,0
36047076000,0
36047081600,0
36047082800,1
36047083200,0
36047085000,0
36047037100,0
36047037900,0
36047041200,0
36047041300,0
36047041402,0
36047041700,0
36047042200,0
36047042700,1
36047043600,0
36047044300,0
36047044600,0
36047060800,0
36047005400,0
36047006200,0
36047024300,0
36047006500,0
36047001100,0
36047003500,0
36047025902,0
36047027000,0
36047027300,0
36047063200,0
36047064400,0
36047065800,0
36047066000,0
36047067000,0
36047069000,0
36047069200,0
36047112000,0
36047027400,0
36047027500,0
36047028700,0
36047102400,0
36047098800,0
36047099200,0
36047101000,0
36047112400,0
36047112800,0
36047023500,0
36047024000,0
36047024100,0
36047025000,0
36047025400,0
36047025800,0
36047025901,1
36047026000,0
36047053800,0
36047052500,0
36047052600,0
36047053500,0
36047054900,0
36047055200,0
36047059100,0
36047001800,0
36047002300,0
36047002901,0
36047003400,0
36047003800,0
36047004500,0
36047005202,0
36047006300,0
36047006800,0
36047007100,0
36047007700,0
36047049200,0
36047050202,0
36047050300,0
36047051900,0
36047053000,0
36047057200,0
36047055500,0
36047055700,0
36047056900,0
36047057300,0
36047057500,0
36047113000,0
36047113200,0
36047117202,0
36047118400,0
36047118600,0
36047118800,0
36047119400,0
36047120800,0
36047121400,0
36047017200,0
36047017500,0
36047018200,0
36047018800,0
36047021600,0
36047022600,0
36047023200,0
36047023800,0
36047054800,0
36047037500,0
36047084600,0
36047090200,0
36047090600,0
36047016000,0
36047018000,0
36047020300,0
36047020500,0
36047021400,0
36047021700,1
36047024200,0
36047024400,0
36047026100,0
36047027700,0
36047028200,0
36047028800,0
36047029000,0
36047030200,0
36047030800,1
36047020000,0
36047017600,0
36047021800,0
36047018501,0
36047020200,0
36047020800,0
36047022900,0
36047023300,0
36047024500,0
36047058200,0
36047059800,0
36047025100,0
36047025500,0
36047026400,0
36047026900,0
36047028100,0
36047028400,0
36047029300,0
36047030300,0
36047031500,0
36047007000,0
36047010600,0
36047010800,0
36047012100,0
36047012902,0
36047013700,0
36047014300,0
36047015100,0
36047015400,0
36047015700,0
36047016500,0
36047017800,0
36047017900,0
36047019100,0
36047036200,0
36047036600,0
36047035900,0
36047036001,0
36047036100,1
36047036300,0
36047050500,0
36047046800,0
36047048400,0
36047049500,0
36047053700,0
36047054300,0
36047055800,0
36047062800,0
36047056500,0
36047056800,0
36047061002,0
36047059200,0
36047063600,0
36047064800,0
36047065200,0
36047066200,0
36047067600,0
36047069800,0
36047072000,0
36047073600,0
36047074200,0
36047074600,0
36047076600,0
36047077000,0
36047078000,0
36047078400,0
36047114202,0
36047117601,0
36047045300,0
36047049900,0
36047048800,0
36047049100,0
36047049600,0
36047050400,0
36047053300,0
36047055300,0
36047056300,0
36047059401,0
36047060000,0
36047060600,0
36047067400,0
36047068600,0
36047032100,0
36047032800,1
36047035100,0
36047073200,0
36047074000,0
36047074800,0
36047075400,0
36047076200,0
36047081800,1
36047082200,0
36047083000,1
36047083400,0
36047052800,0
36047055000,0
36047058900,0
36047062600,0
36047026300,0
36047027900,0
36047028600,0
36047061200,0
36047044500,0
36047047200,0
36047054400,0
36047068200,0
36047080600,0
36047085400,0
36047091000,0
36047017000,0
36047057100,0
36047070000,0
36047075800,0
36047086400,0
36047086600,0
36047087600,0
36047001300,0
36047002000,0
36047003600,0
36047003900,0
36047007500,0
36047007600,0
36047008400,0
36047099800,0
36047102200,0
36047084000,0
36047014700,0
36047021300,0
36047024600,0
36047030100,0
36047033000,0
36047021200,0
36047038100,0
36047040400,0
36047027600,0
36047038600,0
36047043000,0
36047048600,0
36047102800,0
36047111000,0
36047112200,1
36047112600,0
36047114600,0
36047115200,1
36047026600,0
36047026800,0
36047028000,0
36047029400,0
36047033300,0
36047036002,0
36047038300,0
36047038500,0
36047082000,0
36047039000,0
36047041100,0
36047042000,0
36047070203,0
36047070600,0
36047080000,0
36047084800,0
36047086000,0
36047087200,0
36047089200,0
36047092800,0
36047093600,0
36047095800,0
36047097400,0
36047099000,0
36047109800,0
36047115000,1
36047120000,0
36047016100,0
36047016400,0
36047016800,0
36047039400,0
36047031701,0
36047028502,0
36047029800,0
36047030000,0
36047032300,0
36047032500,0
36047032900,0
36047033900,0
36047034500,0
36047067800,0
36047070202,0
36047072600,0
36047073800,0
36047077600,1
36047080200,0
36047081000,0
36047081400,0
36047085200,0
36047000100,0
36047000301,0
36047004900,0
36047005000,0
36047006000,0
36047006700,0
36047011400,0
36047011800,0
36047012700,0
36047013300,0
36047015500,0
36047017100,0
36047017400,0
36047018300,0
36047022000,0
36047034700,1
36047009000,0
36047008200,0
36047008500,0
36047008600,0
36047011600,0
36047011700,0
36047012200,0
36047012901,0
36047013900,0
36047014500,0
36047014800,0
36047016200,0
36047029200,0
36047029600,0
36047030400,0
36047030600,0
36047031900,0
36047034900,0
36047032600,1
36047033700,0
36047034200,0
36047041900,0
36047042900,1
36047043300,0
36047049300,0
36047049400,0
36047049800,0
36047050700,0
36047050900,0
36047051200,0
36047051300,0
36047052300,0
36047053100,0
36047053400,0
36047053900,0
36047054500,0
36047056600,0
36047057600,0
36047058000,0
36047059402,0
36047059600,0
36047062200,0
36047063800,0
36047035000,0
36047066600,0
36047037700,0
36047039600,0
36047040800,0
36047019200,0
36047019400,0
36047020400,0
36047020700,0
36047022800,0
36047113400,1
36047115600,1
36047117800,0
36047087800,0
36047088200,0
36047089000,0
36047089400,0
36047093000,0
36047096200,0
36047098400,0
36047041401,0
36047041500,0
36047041800,0
36047043100,0
36047043800,0
36047047400,0
36047047700,0
36047048200,1
36047048900,0
36047049000,0
36047049700,0
36047050100,0
36047051400,1
36047078800,0
36047035200,0
36047036501,0
36047039200,0
36047036700,0
36047037000,0
36047038700,0
36047009600,0
36047010200,0
36047011000,0
36047013400,0
36047013600,0
36047014900,0
36047015000,0
36047015300,0
36047016300,0
36047018400,0
36047018700,0
36047019000,0
36047019500,1
36047019900,0
36047000900,0
36047002200,0
36047003700,0
36047004600,0
36047004700,0
36047006600,0
36047007400,0
36047007800,0
36047011200,0
36047012000,0
36047002100,0
36047003000,0
36047003300,0
36047087000,0
36047080400,0
36047082600,0
36047085600,0
36047088600,0
36047088800,0
36047091200,0
36047095000,0
36047056000,0
36047055100,0
36047055400,0
36047056200,0
36047057400,0
36047057800,0
36047059000,0
36047061600,0
36047065600,0
36047067200,0
36047070201,0
36047073000,0
36047029900,0
36047022100,0
36047022400,0
36047023100,0
36047023600,0
36047024700,0
36047024900,0
36047025600,0
36047027800,0
36047028501,0
36047028900,1
36047029100,0
36047044900,0
36047046000,0
36047048500,0
36047050801,0
36047050803,0
36047050804,0
36047051001,0
36047051002,0
36047051601,0
36047051602,0
36047056100,0
36047061003,0
36047061004,0
36047062000,0
36047069601,0
36047069602,0
36047076800,0
36047079601,0
36047079602,0
36047079801,0
36047079802,0
36047080800,0
36047092400,0
36047093200,0
36047094600,0
36047111600,0
36047105801,0
36047105804,0
36047110400,0
36047114400,0
36047119800,0
36047123700,0
36047150200,0
36047152200,0
36047990100,0
36059981100,0
36059990302,0
36059990200,0
36059522700,0
36059416402,0
36059990400,0
36059982100,0
36059980100,0
36059416401,0
36059416801,0
36059416802,0
36059990100,0
36059521902,0
36059990301,0
36059304203,0
36059304204,0
36059406701,0
36059521302,0
36059521500,0
36059406702,0
36059406801,0
36059406802,0
36059407203,0
36059407204,0
36059414303,0
36059414304,0
36059518203,0
36059519704,0
36059520100,0
36059521602,0
36059300100,0
36059300800,0
36059301102,0
36059302101,0
36059302300,0
36059304001,0
36059404400,0
36059404902,0
36059406400,0
36059409300,0
36059411800,0
36059413002,0
36059413900,0
36059414001,0
36059414202,0
36059414700,0
36059415201,0
36059415802,0
36059517400,0
36059517705,0
36059520900,0
36059518800,0
36059518900,0
36059519500,0
36059300500,0
36059301400,0
36059301800,0
36059302501,0
36059302700,0
36059302800,0
36059302900,0
36059301101,0
36059302102,0
36059303302,0
36059303800,0
36059405100,0
36059405800,0
36059406600,0
36059406900,0
36059407000,0
36059408000,0
36059409100,0
36059410800,0
36059411200,0
36059517101,0
36059411302,0
36059411901,0
36059413803,0
36059415202,0
36059415600,0
36059517102,0
36059517701,0
36059518100,0
36059519802,0
36059519900,0
36059520401,0
36059520200,0
36059518201,0
36059519200,0
36059519703,0
36059519801,0
36059520002,0
36059520800,0
36059521200,0
36059521700,0
36059521801,0
36059300700,0
36059302000,0
36059302400,0
36059303000,0
36059303900,0
36059404600,0
36059404901,0
36059406001,0
36059518501,0
36059518000,0
36059518400,0
36059519400,0
36059301000,0
36059301200,0
36059301700,0
36059303301,0
36059303400,0
36059303600,0
36059404500,0
36059407201,0
36059407301,0
36059410400,0
36059407502,0
36059408800,0
36059409700,0
36059518204,0
36059518700,0
36059520501,0
36059521100,0
36059521301,0
36059521802,0
36059409800,0
36059408200,0
36059408500,0
36059409500,0
36059412100,0
36059411400,0
36059412302,0
36059412500,0
36059413300,0
36059413804,0
36059414502,0
36059415401,0
36059416500,0
36059410900,0
36059411100,0
36059411600,0
36059412700,0
36059415000,0
36059413001,0
36059413100,0
36059414501,0
36059415300,0
36059416300,0
36059303101,0
36059406202,0
36059408700,0
36059413500,0
36059416201,0
36059517901,0
36059416202,0
36059414201,0
36059415102,0
36059416900,0
36059517200,0
36059517302,0
36059519000,0
36059519300,0
36059519601,0
36059520001,0
36059301500,0
36059302502,0
36059303102,0
36059303202,0
36059407302,0
36059407401,0
36059407600,0
36059407700,0
36059414301,0
36059414600,0
36059407402,0
36059414800,0
36059520600,0
36059521601,0
36059407802,0
36059521000,0
36059519602,0
36059300600,0
36059303700,0
36059406201,0
36059410100,0
36059411902,0
36059416701,0
36059414900,0
36059518300,0
36059413600,0
36059519100,0
36059520700,0
36059522000,0
36059410700,0
36059412900,0
36059413400,0
36059415500,0
36059517301,0
36059520300,0
36059407102,0
36059518600,0
36059409400,0
36059412200,0
36059414002,0
36059521400,0
36059301900,0
36059304202,0
36059406002,0
36059302200,0
36059408400,0
36059408600,0
36059408900,0
36059409600,0
36059410000,0
36059410300,0
36059411301,0
36059411500,0
36059415101,0
36059415402,0
36059415700,0
36059416100,0
36059416600,0
36059517500,0
36059517600,0
36059517802,0
36059517902,0
36059303201,0
36059304100,0
36059404300,0
36059405000,0
36059405301,0
36059405500,0
36059406501,0
36059407101,0
36059407801,0
36059408100,0
36059408300,0
36059300300,0
36059300400,0
36059300900,0
36059301300,0
36059304002,0
36059301600,0
36059302600,0
36059303500,0
36059404700,0
36059404800,0
36059405200,0
36059405302,0
36059405400,0
36059405600,0
36059405700,0
36059405900,0
36059406100,0
36059406300,0
36059407501,0
36059407900,0
36059409000,0
36059409200,0
36059410200,0
36059412000,0
36059519702,0
36059520402,0
36059520502,0
36059409900,0
36059410500,0
36059410600,0
36059411000,0
36059411700,0
36059412301,0
36059412600,0
36059412800,0
36059413700,0
36059414400,0
36059412400,0
36059413200,0
36059414100,0
36059416000,0
36059416702,0
36059517000,0
36059517801,0
36059518502,0
36061003700,0
36061008601,0
36061004400,0
36061008603,0
36061008602,0
36061016500,0
36061027900,0
36061011203,0
36061018400,1
36061003601,0
36061004500,0
36061005502,0
36061005600,0
36061006200,0
36061007700,0
36061008000,0
36061009000,0
36061023600,0
36061016900,0
36061017100,0
36061017900,0
36061018200,0
36061018300,0
36061009200,0
36061010400,0
36061011900,0
36061013200,0
36061013400,0
36061013600,0
36061014402,0
36061014801,0
36061015700,0
36061015801,0
36061016100,0
36061016400,0
36061019600,0
36061018000,1
36061018500,0
36061019000,0
36061022400,0
36061019300,0
36061019400,0
36061021200,0
36061023200,0
36061023900,0
36061024100,0
36061029300,0
36061029700,0
36061019702,0
36061019800,1
36061010900,0
36061007500,0
36061008300,0
36061009700,0
36061010601,0
36061012600,0
36061011300,0
36061012100,0
36061012200,0
36061012900,0
36061013700,0
36061013800,0
36061015200,0
36061010100,0
36061012700,0
36061013100,0
36061013300,0
36061014200,0
36061014900,0
36061015001,0
36061015002,0
36061015400,0
36061016300,0
36061019200,0
36061019500,0
36061019900,0
36061020500,0
36061023000,0
36061023501,1
36061006600,0
36061006800,0
36061008200,0
36061008400,0
36061008900,0
36061009900,0
36061000600,0
36061000800,0
36061002400,0
36061002500,0
36061002900,1
36061005400,0
36061007100,0
36061007900,0
36061009400,0
36061010800,0
36061011000,0
36061011201,0
36061011600,0
36061012400,0
36061011500,0
36061011700,0
36061013000,0
36061013500,0
36061014401,0
36061014602,0
36061014802,0
36061015802,0
36061010200,0
36061016002,0
36061009600,0
36061010000,0
36061010602,0
36061011401,0
36061012800,0
36061015300,0
36061017000,0
36061000900,0
36061001001,0
36061000700,0
36061010300,0
36061011800,0
36061015900,0
36061024500,1
36061002000,0
36061003900,0
36061000100,0
36061019100,0
36061019701,0
36061022301,1
36061020600,0
36061021800,0
36061022000,0
36061023300,0
36061023400,1
36061024700,0
36061024900,0
36061026100,0
36061026300,0
36061027500,0
36061028500,0
36061005900,0
36061006700,0
36061006900,0
36061007000,0
36061007300,0
36061007600,0
36061008100,0
36061009100,0
36061009300,0
36061017700,0
36061015601,0
36061016001,0
36061016200,1
36061018600,0
36061020000,0
36061020102,0
36061021400,0
36061022102,0
36061022800,0
36061022900,1
36061023502,0
36061004100,0
36061022600,0
36061026500,1
36061003800,0
36061005800,0
36061008800,0
36061012000,0
36061015500,0
36061016600,0
36061016700,0
36061025300,1
36061018100,0
36061020901,0
36061022302,0
36061024000,0
36061001200,0
36061001401,0
36061001501,0
36061004300,0
36061004900,0
36061005200,0
36061003300,0
36061003602,0
36061004800,0
36061005501,0
36061006000,0
36061006100,0
36061007200,0
36061007400,0
36061000201,0
36061000202,0
36061001502,0
36061002202,0
36061002700,0
36061004700,0
36061005000,0
36061009500,0
36061002601,0
36061002602,0
36061026900,0
36061028100,0
36061028300,0
36061029100,0
36061029500,0
36061025500,0
36061022200,0
36061001600,1
36061002100,0
36061002800,0
36061001300,0
36061001402,0
36061002201,0
36061003001,0
36061003100,0
36061003400,0
36061004200,0
36061030300,0
36061005700,0
36061008700,0
36061027100,0
36061030700,0
36061001002,0
36061001800,0
36061021100,0
36061021600,0
36061021900,0
36061023700,0
36061025100,0
36061026700,0
36061017200,0
36061021303,0
36061021500,0
36061021703,0
36061022700,0
36061023100,0
36061023801,0
36061023802,0
36061024200,0
36061025700,0
36061025900,0
36061029900,0
36061031703,0
36061031704,0
36061009800,0
36061020800,0
36061017402,0
36061018700,0
36061018900,0
36061021000,0
36061022500,0
36061024301,0
36061024302,0
36061027300,0
36061028700,0
36061030900,0
36061031100,0
36061004000,0
36061011402,0
36061027700,0
36061031900,0
36061011100,0
36061014000,0
36061015100,0
36061015602,0
36061016800,0
36061017300,0
36061017500,0
36061000500,0
36061003002,0
36061006300,0
36061017800,0
36061018800,0
36061020300,0
36061013900,0
36061014500,0
36061014700,0
36061006400,0
36061006500,0
36061012500,0
36061020101,0
36061007800,0
36061011202,0
36061014300,0
36061017401,0
36061020701,0
36061003200,0
36061014601,0
36071010700,0
36071014201,0
36071011900,0
36071012800,0
36071013500,0
36071000100,0
36071000400,0
36071000600,0
36071001500,0
36071011200,0
36071014202,0
36071012100,0
36071013100,0
36071013600,0
36071013900,0
36071014800,0
36071012300,0
36071013300,0
36071014302,0
36071014700,0
36071014900,0
36071002100,0
36071013700,0
36071013800,0
36071000200,0
36071002200,0
36071002300,0
36071010500,0
36071011400,0
36071013000,0
36071013400,0
36071014600,0
36071010300,0
36071010400,0
36071010600,0
36071012200,0
36071012900,0
36071011000,0
36071012700,0
36071014400,0
36071000300,0
36071011500,0
36071001100,0
36071001200,0
36071001300,0
36071001600,0
36071010200,0
36071011300,0
36071014301,0
36071000501,0
36071000502,0
36071010101,0
36071010102,0
36071010801,0
36071010802,0
36071010901,0
36071010902,0
36071011602,0
36071011101,0
36071011102,0
36071011601,0
36071011701,0
36071011702,0
36071011801,0
36071011802,0
36071012601,0
36071012602,0
36071013201,0
36071013202,0
36071014101,0
36071014102,0
36071014501,0
36071014502,0
36071015003,0
36071015004,0
36071015005,0
36071015006,0
36071015100,0
36071015200,0
36079010700,0
36079010500,0
36079010900,0
36079011800,0
36079011600,0
36079010400,0
36079010800,0
36079011000,0
36079011700,0
36079011900,0
36079010200,0
36079011300,0
36079010300,0
36079010600,0
36079011100,0
36079011500,0
36079010100,0
36079011400,0
36079011200,0
36081013800,0
36081014300,0
36081015900,0
36081016800,0
36081016900,0
36081017100,0
36081018401,0
36081004200,0
36081004500,0
36081004700,0
36081006100,0
36081007700,0
36081006900,0
36081007500,1
36081026200,0
36081059300,0
36081059800,0
36081060000,0
36081061601,0
36081062000,0
36081062500,0
36081063500,0
36081065600,0
36081066000,0
36081068300,0
36081071600,0
36081065702,0
36081068000,0
36081072100,0
36081077903,0
36081084602,0
36081016600,0
36081015000,0
36081015300,0
36081015700,0
36081017000,0
36081064500,0
36081066100,0
36081066400,0
36081069000,0
36081069702,0
36081071900,0
36081076902,0
36081079000,0
36081081800,0
36081092500,0
36081083800,0
36081084000,0
36081091800,0
36081008700,0
36081009400,0
36081009900,0
36081010100,0
36081029500,0
36081058000,0
36081054800,0
36081055200,0
36081056600,0
36081059000,0
36081003300,0
36081006201,0
36081006202,0
36081006501,0
36081006502,0
36081008500,0
36081010701,0
36081012301,0
36081012500,0
36081015801,0
36081015802,0
36081018101,0
36081018102,0
36081018501,0
36081018502,0
36081019400,0
36081019900,0
36081020500,0
36081025301,0
36081025302,0
36081025400,0
36081026901,0
36081026902,0
36081029400,0
36081030600,0
36081030903,0
36081030904,0
36081035700,0
36081038301,0
36081038302,0
36081042400,0
36081043701,0
36081043702,0
36081044301,0
36081044302,0
36081044400,0
36081053100,0
36081053401,0
36081053601,0
36081058200,0
36081060701,0
36081065501,0
36081061301,0
36081061302,0
36081062200,0
36081065703,0
36081066501,0
36081066701,0
36081067100,0
36081071303,0
36081071304,0
36081071305,0
36081071306,0
36081071701,0
36081071702,0
36081072300,0
36081074900,0
36081075701,0
36081075702,0
36081077906,0
36081077907,0
36081077908,0
36081079701,0
36081079702,0
36081084900,0
36081086900,0
36081093401,0
36081093402,0
36081095400,0
36081097203,0
36081097204,0
36081099703,0
36081099704,0
36081099705,0
36081099801,0
36081099802,0
36081100801,0
36081100802,0
36081108500,0
36081109300,0
36081127700,0
36081129103,0
36081023800,0
36081019800,0
36081021600,0
36081021900,0
36081024000,0
36081024600,0
36081024700,0
36081025700,0
36081026000,0
36081026100,0
36081027900,1
36081028000,0
36081028700,0
36081032900,0
36081035300,0
36081037500,0
36081044800,0
36081045500,0
36081047500,0
36081048900,0
36081050700,0
36081052800,0
36081053500,0
36081090700,0
36081091602,0
36081091900,0
36081094700,0
36081099200,0
36081101001,0
36081072900,0
36081070700,0
36081070900,0
36081077500,0
36081079200,0
36081079300,0
36081080301,0
36081086100,0
36081086400,0
36081092800,0
36081093900,0
36081094500,0
36081098700,0
36081099900,0
36081111300,0
36081114100,0
36081115500,0
36081115700,0
36081118500,0
36081118700,0
36081119500,0
36081122701,0
36081128300,0
36081138501,0
36081142900,0
36081143500,0
36081145101,0
36081146700,0
36081027600,0
36081028200,0
36081028300,0
36081028500,0
36081028900,0
36081113300,0
36081107201,0
36081010300,0
36081011900,0
36081013500,0
36081016100,0
36081013600,0
36081014100,0
36081014500,0
36081016300,0
36081018000,0
36081020600,0
36081023200,0
36081012601,0
36081013200,0
36081107202,0
36081115100,0
36081120100,0
36081120300,0
36081121100,0
36081121500,0
36081124700,0
36081136700,0
36081138502,0
36081147100,0
36081152902,0
36081161700,0
36081026500,0
36081027500,0
36081103202,0
36081117500,0
36081015200,0
36081016400,0
36081011500,0
36081015100,0
36081017800,0
36081020200,0
36081020400,0
36081049900,0
36081046000,0
36081047900,0
36081050600,0
36081051100,0
36081051700,0
36081052200,0
36081053000,0
36081053900,0
36081054500,0
36081060100,0
36081061200,0
36081063000,0
36081063700,0
36081064600,0
36081065000,0
36081071100,0
36081076901,0
36081077905,0
36081080302,0
36081084500,0
36081084601,0
36081092900,0
36081093800,0
36081085500,0
36081017400,0
36081083700,0
36081085700,0
36081086300,0
36081087100,1
36081091601,0
36081094201,0
36081103300,0
36081010200,0
36081011300,0
36081011400,0
36081012602,0
36081012800,0
36081013000,0
36081014400,0
36081014800,0
36081017600,0
36081017900,0
36081018402,0
36081019600,0
36081022900,0
36081023000,0
36081102900,0
36081099701,0
36081140300,0
36081119100,0
36081119300,0
36081129102,0
36081022001,0
36081024300,0
36081027000,0
36081027800,0
36081028100,0
36081033401,0
36081034700,0
36081037600,0
36081039900,0
36081040400,0
36081043900,0
36081045600,0
36081045800,0
36081046700,0
36081047800,1
36081049500,0
36081051200,0
36081113900,0
36081114700,0
36081073100,0
36081074700,0
36081077300,0
36081078800,0
36081081400,0
36081088400,0
36081092200,0
36081096400,0
36081000800,0
36081097202,0
36081097300,0
36081101700,0
36081001400,0
36081001600,1
36081001900,0
36081002600,0
36081002800,0
36081004001,0
36081005400,0
36081005800,0
36081006300,0
36081008800,0
36081009700,0
36081010600,0
36081023500,0
36081028400,0
36081029100,0
36081038400,0
36081040100,0
36081041100,0
36081041400,0
36081043200,0
36081044601,0
36081045700,0
36081045900,0
36081118100,0
36081120500,0
36081146300,0
36081126500,0
36081126700,0
36081133900,0
36081000100,0
36081001000,0
36081003200,0
36081157101,0
36081150702,0
36081155101,0
36081157102,0
36081046100,0
36081046400,0
36081049200,0
36081051300,0
36081048400,0
36081049301,0
36081049700,0
36081050201,0
36081051000,0
36081052000,0
36081055100,0
36081056200,0
36081056500,0
36081056700,0
36081056800,0
36081058500,0
36081058700,0
36081061800,0
36081062600,0
36081000400,0
36081002200,0
36081003100,0
36081003900,0
36081004300,0
36081005100,0
36081018200,0
36081018600,0
36081020800,0
36081023600,0
36081024900,0
36081027200,0
36081025800,0
36081026400,0
36081026700,0
36081027400,0
36081027700,0
36081033000,0
36081035100,0
36081035800,0
36081036600,0
36081037300,0
36081038100,0
36081039800,0
36081042700,0
36081044000,0
36081044602,1
36081045400,0
36081073900,0
36081074100,0
36081074300,0
36081074500,0
36081077904,0
36081080900,1
36081085300,0
36081085900,0
36081086500,0
36081094202,0
36081094203,0
36081098100,0
36081007100,0
36081011700,0
36081014700,0
36081029700,0
36081030902,0
36081031700,0
36081032700,0
36081032800,0
36081033700,0
36081039400,0
36081040500,0
36081040700,0
36081046900,0
36081048000,0
36081048500,0
36081049600,0
36081050000,0
36081050800,0
36081036100,0
36081036300,0
36081037100,0
36081037700,0
36081037900,0
36081041300,0
36081041500,0
36081042600,0
36081043400,0
36081045000,0
36081045200,0
36081046200,1
36081046800,0
36081047000,0
36081047100,0
36081047200,0
36081101002,0
36081103900,0
36081019200,0
36081018300,0
36081018800,0
36081018900,0
36081025900,0
36081026600,0
36081027300,0
36081029300,0
36081003600,0
36081004401,0
36081005300,0
36081005700,0
36081007300,0
36081008100,0
36081003800,0
36081029900,0
36081026300,0
36081027100,0
36081028800,0
36081032000,0
36081033100,0
36081059900,0
36081061900,0
36081062300,0
36081062900,0
36081063900,0
36081064102,0
36081066900,0
36081068200,0
36081069500,0
36081070300,0
36081047300,1
36081048200,0
36081048300,0
36081049302,0
36081050400,0
36081050500,0
36081054000,0
36081054200,0
36081054900,0
36081156700,0
36081055500,0
36081058100,0
36081147900,0
36081051800,0
36081052400,0
36081003000,0
36081000700,0
36081007900,0
36081005500,1
36081004002,0
36081046300,0
36081046500,0
36081073700,0
36081077902,0
36081018700,0
36081021400,0
36081058300,0
36081046600,0
36081050202,0
36081056000,0
36081000600,1
36081014201,0
36081062100,0
36081059100,0
36081089200,0
36081157902,0
36081005200,0
36081012000,0
36081015600,0
36081122702,0
36081008300,0
36081088901,0
36081145102,0
36081008600,0
36081014202,0
36081019000,1
36081025100,1
36081036700,0
36081040900,0
36081047600,0
36081005000,0
36081009600,0
36081011100,0
36081011600,0
36081012100,0
36081013700,0
36081014900,0
36081015400,0
36081021200,0
36081022002,0
36081024500,1
36081118900,0
36081115900,0
36081116700,0
36081117100,0
36081119900,0
36081120700,0
36081122300,0
36081130100,0
36081133300,0
36081134700,0
36081140902,0
36081145900,0
36081057700,0
36081052500,0
36081055600,0
36081060600,0
36081068700,0
36081063800,0
36081065400,0
36081066300,0
36081069400,0
36081003400,0
36081112900,0
36081055300,0
36081062700,0
36081067700,0
36081079900,0
36081099100,0
36081010000,0
36081060800,0
36081002400,0
36081005900,0
36081009100,0
36081014000,0
36081025500,0
36081035200,0
36081040300,0
36081048100,0
36081052100,0
36081059400,0
36081109900,0
36081010400,0
36081010800,0
36081011800,0
36081001200,0
36081002000,0
36081002500,0
36081003700,0
36081061602,0
36081062400,0
36081000200,0
36081001800,0
36081051500,0
36081053200,0
36081051600,0
36081052600,0
36081055400,0
36081053800,0
36081054700,1
36081055700,0
36081055800,0
36081055900,1
36081056100,0
36081057900,0
36081058900,0
36081059600,0
36081060300,0
36081065900,0
36081067900,0
36081069701,0
36081009800,0
36081104700,0
36081105900,0
36081015500,0
36081017200,0
36081033402,0
36081033900,0
36081036500,0
36081036800,0
36081040000,0
36081040200,0
36081059500,0
36081056400,0
36081059200,0
36081061000,0
36081061400,0
36081063200,0
36081063301,0
36081064101,1
36081148300,0
36081157903,0
36081162100,0
36081112300,0
36081116100,0
36081116300,0
36081125700,0
36081139900,0
36081140901,0
36081144100,0
36081144700,0
36081152901,0
36081157901,0
36081103201,0
36081109700,0
36081150701,0
36081124100,0
36081134100,0
36081137700,0
36081155102,0
36081010500,0
36081009500,0
36081011000,0
36081011200,0
36081012200,0
36081012400,0
36081013400,0
36081063302,0
36081069300,0
36081129104,0
36081141700,0
36081990100,0
36085023900,0
36085024800,0
36085002100,0
36085017009,0
36085020700,0
36085020803,0
36085022300,0
36085024700,0
36085025100,0
36085029104,0
36085004700,0
36085005000,0
36085007400,0
36085009601,0
36085009602,0
36085012200,0
36085018702,0
36085013203,0
36085015601,0
36085018701,0
36085018901,0
36085021300,0
36085000700,1
36085000300,0
36085000900,0
36085002700,0
36085008100,0
36085014604,0
36085014606,0
36085017005,0
36085017300,0
36085017600,0
36085020801,0
36085022600,0
36085023100,0
36085031902,0
36085013201,0
36085014100,0
36085000600,0
36085001800,0
36085011201,0
36085003300,0
36085007000,0
36085010500,0
36085015602,0
36085017700,0
36085027301,0
36085027704,0
36085032300,0
36085004000,0
36085012804,0
36085013302,0
36085015400,0
36085016901,0
36085017007,0
36085027302,0
36085027702,0
36085027900,0
36085030302,0
36085014605,0
36085017008,0
36085002900,0
36085005900,0
36085007500,0
36085009700,0
36085011402,0
36085012100,0
36085002002,0
36085003600,0
36085011202,0
36085029103,0
36085001100,0
36085007700,0
36085017010,0
36085031901,0
36085001700,0
36085013301,0
36085015100,0
36085015603,0
36085018902,0
36085020100,0
36085029102,0
36085030301,0
36085000800,0
36085003900,0
36085012500,0
36085013400,0
36085002001,0
36085006400,0
36085011401,0
36085013204,0
36085013800,0
36085014700,0
36085019700,0
36085020804,0
36085018100,0
36085019800,0
36085022800,0
36085024401,0
36085006700,0
36085012805,0
36085012806,0
36085014607,0
36085014608,0
36085017011,0
36085017012,0
36085024402,0
36085027705,0
36085027706,0
36085990100,0
36087011504,0
36087010703,0
36087010901,0
36087011700,0
36087010503,0
36087010602,0
36087010902,0
36087011501,0
36087011800,0
36087012102,1
36087013003,0
36087010200,0
36087011102,0
36087011200,0
36087011603,0
36087010804,0
36087011303,0
36087011401,0
36087012101,0
36087012501,0
36087012800,0
36087013300,0
36087010502,0
36087010601,0
36087010701,0
36087010102,0
36087010803,0
36087011301,0
36087011502,0
36087012000,0
36087012202,0
36087013100,0
36087013200,0
36087010101,0
36087010501,0
36087011000,0
36087011403,0
36087011101,0
36087011302,0
36087013001,0
36087013002,0
36087010802,0
36087011601,0
36087012700,0
36087012103,0
36087012300,0
36087012600,0
36087012502,0
36087011602,0
36087010801,0
36087010702,0
36087011404,0
36087011405,0
36087011505,0
36087011506,0
36087011901,0
36087011902,0
36087012105,0
36087012106,0
36087012203,0
36087012204,0
36087012401,0
36087012402,0
36087013401,0
36087013402,0
36103147004,0
36103135208,0
36103146106,0
36103135209,0
36103158010,0
36103147003,0
36103146201,0
36103135402,0
36103146002,0
36103158319,0
36103146606,0
36103158001,0
36103158202,0
36103158407,0
36103158900,0
36103201004,0
36103111506,0
36103112104,0
36103122707,0
36103135002,0
36103111202,0
36103112204,0
36103146402,0
36103158321,0
36103190704,0
36103146607,0
36103158712,0
36103159407,0
36103134907,0
36103135201,0
36103135204,0
36103135205,0
36103146500,0
36103146705,0
36103146706,0
36103147803,0
36103158007,0
36103158111,0
36103158112,0
36103158116,0
36103158317,0
36103158318,0
36103158401,0
36103158508,0
36103158511,0
36103158512,0
36103158604,0
36103158609,0
36103158705,0
36103158708,0
36103147001,0
36103147100,0
36103147300,0
36103147502,0
36103158002,0
36103158104,0
36103147702,0
36103158115,0
36103158207,0
36103158304,0
36103158502,0
36103158608,0
36103158802,0
36103159103,0
36103159106,0
36103159300,0
36103159601,0
36103190707,0
36103169800,0
36103170101,0
36103190401,0
36103110401,0
36103110600,0
36103111100,0
36103111503,0
36103135301,0
36103135304,0
36103145602,0
36103145701,0
36103110300,0
36103111002,0
36103111300,0
36103111504,0
36103122300,0
36103123402,0
36103123801,0
36103124002,0
36103135005,0
36103135401,0
36103135403,0
36103145604,0
36103146204,0
36103145804,0
36103145903,0
36103146001,0
36103146604,0
36103145808,0
36103145702,0
36103145704,0
36103145803,0
36103145805,0
36103146103,0
36103146615,0
36103146901,0
36103147402,0
36103147701,0
36103147802,0
36103147804,0
36103158102,0
36103158205,0
36103158206,0
36103158308,0
36103158310,0
36103158315,0
36103158320,0
36103158405,0
36103124101,0
36103110101,0
36103110801,0
36103111602,0
36103111801,0
36103111900,0
36103190705,0
36103146613,0
36103146703,0
36103146704,0
36103122405,0
36103158506,0
36103158707,0
36103158711,0
36103110902,0
36103111703,0
36103112206,0
36103112212,0
36103122403,0
36103122501,0
36103122801,0
36103123002,0
36103123202,0
36103123301,0
36103123600,0
36103123802,0
36103124102,0
36103124402,0
36103134702,0
36103134902,0
36103135102,0
36103110102,0
36103110901,0
36103111401,0
36103111402,0
36103112102,0
36103112103,0
36103110402,0
36103124300,0
36103134704,0
36103134903,0
36103201100,0
36103145807,0
36103135101,0
36103111201,0
36103111802,0
36103111804,0
36103122705,0
36103122901,0
36103123102,0
36103123900,0
36103124001,0
36103124601,0
36103134703,0
36103134904,0
36103135003,0
36103135103,0
36103145703,0
36103145902,0
36103146205,0
36103146206,0
36103146800,0
36103147401,0
36103147501,0
36103147902,0
36103158006,0
36103158009,0
36103158107,0
36103159410,0
36103158110,0
36103158306,0
36103180300,0
36103159602,0
36103170002,0
36103190403,0
36103190708,0
36103111505,0
36103111704,0
36103112002,0
36103112210,0
36103112214,0
36103122502,0
36103145603,0
36103145605,0
36103110502,0
36103145901,0
36103146605,0
36103146614,0
36103110803,0
36103111001,0
36103111601,0
36103111701,0
36103111803,0
36103112001,0
36103112211,0
36103112213,0
36103159204,0
36103159406,0
36103159505,0
36103147901,0
36103158103,0
36103158203,0
36103158309,0
36103158402,0
36103158403,0
36103158509,0
36103158605,0
36103158704,0
36103158710,0
36103159105,0
36103159404,0
36103159408,0
36103201003,0
36103170201,0
36103159506,0
36103169701,0
36103190502,0
36103122603,0
36103122902,0
36103123401,0
36103123500,0
36103124500,0
36103124602,0
36103135104,0
36103158408,0
36103159203,0
36103158507,0
36103147602,0
36103158108,0
36103158505,0
36103158510,0
36103158606,0
36103158803,0
36103159000,0
36103159102,0
36103159201,0
36103170001,0
36103170202,0
36103190402,0
36103159508,0
36103190601,0
36103201001,0
36103158607,0
36103190706,0
36103190800,0
36103110501,0
36103110200,0
36103122802,0
36103124200,0
36103158114,0
36103122404,0
36103122602,0
36103122704,0
36103123001,0
36103123302,0
36103123701,0
36103158709,0
36103158804,0
36103159107,0
36103159108,0
36103122406,0
36103122601,0
36103122706,0
36103123101,0
36103123201,0
36103123702,0
36103146902,0
36103124401,0
36103134906,0
36103135004,0
36103135303,0
36103146003,0
36103146102,0
36103146105,0
36103146202,0
36103146203,0
36103146300,0
36103146403,0
36103146404,0
36103147200,0
36103146608,0
36103146611,0
36103146612,0
36103147503,0
36103147601,0
36103158011,0
36103158322,0
36103158323,0
36103158409,0
36103158410,0
36103159411,0
36103159412,0
36103159509,0
36103159510,0
36103159511,0
36103159512,0
36103169703,0
36103169704,0
36103169901,0
36103169902,0
36103190503,0
36103190504,0
36103190603,0
36103190604,0
36103200901,0
36103200902,0
36103990100,0
36119003900,0
36119003300,0
36119003400,0
36119003700,0
36119005001,0
36119005701,0
36119007200,0
36119007700,0
36119008902,0
36119009300,1
36119009400,0
36119009800,0
36119008301,0
36119009500,0
36119014704,0
36119013800,0
36119014604,0
36119014908,0
36119006801,0
36119006900,0
36119007000,0
36119007401,0
36119007800,0
36119008302,0
36119008403,0
36119009600,0
36119010801,0
36119000600,0
36119014809,0
36119000203,0
36119001504,0
36119002800,0
36119004000,0
36119005600,0
36119005702,0
36119006400,0
36119007300,0
36119008100,0
36119008401,0
36119009200,0
36119010100,0
36119011300,0
36119012900,0
36119013400,0
36119013500,0
36119014605,0
36119000104,0
36119011102,0
36119011500,0
36119012000,0
36119012501,0
36119012600,0
36119009900,0
36119012400,0
36119013000,0
36119013304,0
36119014500,0
36119014804,0
36119014808,0
36119005200,0
36119005500,0
36119008602,0
36119006802,0
36119007600,0
36119008500,0
36119010903,0
36119010300,0
36119010500,0
36119010804,0
36119012101,0
36119013202,0
36119013301,0
36119013700,0
36119013900,0
36119014400,0
36119000701,0
36119000702,0
36119000802,0
36119001101,0
36119001303,0
36119001401,0
36119001502,0
36119002103,0
36119002107,0
36119002204,0
36119002600,0
36119010901,0
36119011400,0
36119011700,0
36119012200,0
36119001000,0
36119000801,0
36119001800,0
36119002104,0
36119002402,0
36119003000,0
36119003500,0
36119004200,0
36119004500,0
36119004700,0
36119005002,0
36119010803,0
36119010902,0
36119011101,0
36119000202,0
36119000900,0
36119001403,0
36119001600,0
36119002202,0
36119002203,1
36119002401,0
36119002404,0
36119003100,0
36119004800,0
36119014607,0
36119000103,0
36119000401,0
36119000402,0
36119001200,0
36119002101,0
36119002105,0
36119013201,0
36119012303,0
36119013102,0
36119002900,0
36119003800,0
36119004400,0
36119004900,0
36119005400,0
36119006100,0
36119006500,0
36119007100,0
36119014701,0
36119006600,0
36119006700,0
36119000101,0
36119000201,0
36119000300,0
36119000803,0
36119010702,0
36119009703,0
36119010200,0
36119010600,0
36119011600,0
36119012102,0
36119012301,0
36119012503,0
36119014200,0
36119014300,0
36119014703,0
36119001503,0
36119001900,0
36119001302,0
36119001402,0
36119002106,0
36119002201,0
36119002405,0
36119004300,0
36119005800,0
36119005901,0
36119008200,0
36119008700,0
36119008800,0
36119009000,0
36119009701,0
36119012802,0
36119014810,0
36119014811,0
36119014901,0
36119014903,0
36119014909,0
36119981000,0
36119982000,0
36119983000,0
36119984000,0
36119985000,0
36119013103,0
36119014000,0
36119014606,0
36119014805,0
36119014907,0
36119002700,0
36119004100,0
36119004600,0
36119005300,0
36119006200,0
36119007402,0
36119007900,0
36119009702,0
36119010701,0
36119011000,0
36119011800,0
36119012502,0
36119012700,0
36119013600,0
36119014100,0
36119001102,1
36119001301,0
36119001505,0
36119001700,0
36119003200,0
36119007500,0
36119008000,0
36119006300,0
36119009100,0
36119011200,0
36119013104,0
36119002000,0
36119003600,0
36119005902,0
36119000500,0
36119002403,0
36119015000,0
36119002300,0
36119006000,0
36119008404,0
36119008901,0
36119012304,0
36119014806,0
36119005100,0
36119011902,0
36119010000,0
36119010400,0
42103950900,0
42103950102,0
42103950103,0
42103950104,0
42103950201,0
42103950202,0
42103950301,0
42103950302,0
42103950501,0
42103950502,0
42103950601,0
42103950603,0
42103950605,0
42103950606,0
42103950701,0
42103950702,0
42103950801,0
42103950802,0
